TIME[S],SPEED,altitude
44,333,4
45,852,5
46,873,5
47,891,5
48,910,5
49,928,6
50,946,6
51,965,6
52,983,6
53,999,7
54,1015,7
55,1030,7
56,1046,7
57,1063,8
58,1079,8
59,1097,8
60,1115,9
61,1134,9
62,1154,9
63,1175,10
64,1196,10
65,1217,10
66,1238,10
67,1260,11
68,1282,11
69,1305,11
70,1329,12
71,1354,12
72,1379,13
73,1404,13
74,1431,13
75,1457,14
76,1484,14
77,1512,14
78,1540,15
79,1567,15
80,1598,16
81,1629,16
82,1661,16
83,1693,17
84,1725,17
85,1709,18
86,1717,17
87,1794,18
88,1862,19
89,1898,20
90,1936,20
91,1973,21
92,2012,21
93,2051,22
94,2091,22
95,2132,23
96,2173,23
97,2215,24
98,2259,24
99,2303,25
100,2347,25
101,2391,26
102,2436,26
103,2483,27
104,2530,27
105,2577,28
106,2625,29
107,2673,29
108,2722,30
109,2772,30
110,2321,31
111,2372,31
112,2924,32
113,2973,33
114,3025,33
115,3076,34
116,3129,35
117,3180,35
118,3233,36
119,3285,37
120,3336,37
121,3383,38
122,3439,39
123,3493,39
124,3547,40
125,3500,41
126,3654,41
127,3707,42
128,3761,43
129,3816,44
130,3870,44
131,3924,45
132,3977,46
133,4033,47
134,4089,47
135,4144,48
136,4199,49
137,4255,50
138,4310,50
139,4367,51
140,4421,52
141,4477,53
142,4534,53
143,4580,54
144,4644,55
145,4701,56
146,4758,57
147,4815,57
148,4872,58
149,4931,59
150,4988,60
151,5046,60
152,5106,61
153,5161,62
154,5220,63
155,5266,64
156,5274,64
157,5263,65
158,5250,66
159,5236,67
160,5225,67
161,5222,68
162,5225,69
163,5234,70
164,5248,70
165,5263,71
166,5279,72
167,5295,73
168,5311,73
169,5328,74
170,5345,75
171,5363,75
172,5380,76
173,5398,77
174,5416,77
175,5434,78
176,5453,79
177,5471,79
178,5490,80
179,5509,81
180,5528,81
181,5547,82
182,5567,83
183,5587,83
184,5608,84
185,5628,85
186,5649,85
187,5670,86
188,5691,87
189,5713,87
190,5735,88
191,5757,88
192,5780,89
193,5802,90
194,5825,90
195,5848,91
196,5871,92
197,5895,92
198,5918,93
199,5942,93
200,5966,94
201,5990,94
202,6015,95
203,6040,96
204,6065,96
205,6090,97
206,6115,97
207,6141,98
208,6167,98
209,6193,99
210,6219,99
211,6246,100
212,6273,101
213,6299,101
214,6326,102
215,6354,102
216,6382,103
217,6410,103
218,6437,104
219,6466,104
220,6493,105
221,6522,105
222,6551,106
223,6580,106
224,6610,107
225,6640,107
226,6670,108
227,6700,108
228,6730,109
229,6761,109
230,6792,110
231,6822,110
232,6854,110
233,6885,111
234,6917,111
235,6949,112
236,6981,112
237,7014,113
238,7046,113
239,7079,114
240,7112,114
241,7146,114
242,7179,115
243,7213,115
244,7247,116
245,7281,116
246,7315,117
247,7349,117
248,7384,117
249,7419,118
250,7454,118
251,7490,119
252,7525,119
253,7560,119
254,7596,120
255,7633,120
256,7669,120
257,7706,121
258,7742,121
259,7780,122
260,7818,122
261,7855,122
262,7893,123
263,7931,123
264,7970,123
265,8008,124
266,8047,124
267,8086,124
268,8126,125
269,8166,125
270,8206,125
271,8246,126
272,8287,126
273,8327,126
274,8368,127
275,8410,127
276,8451,127
277,8493,128
278,8535,128
279,8577,128
280,8619,128
281,8661,129
282,8705,129
283,8748,129
284,8791,130
285,8835,130
286,8878,130
287,8921,130
288,8966,131
289,9010,131
290,9055,131
291,9099,131
292,9145,132
293,9191,132
294,9237,132
295,9283,133
296,9330,133
297,9377,133
298,9424,133
299,9472,133
300,9519,134
301,9568,134
302,9615,134
303,9663,134
304,9712,135
305,9761,135
306,9810,135
307,9859,135
308,9909,135
309,9958,136
310,10009,136
311,10060,136
312,10110,136
313,10161,136
314,10212,137
315,10264,137
316,10316,137
317,10368,137
318,10421,137
319,10473,138
320,10525,138
321,10578,138
322,10631,138
323,10685,138
324,10738,138
325,10793,139
326,10848,139
327,10903,139
328,10958,139
329,11014,139
330,11070,139
331,11126,139
332,11183,140
333,11240,140
334,11297,140
335,11354,140
336,11414,140
337,11472,140
338,11531,140
339,11590,141
340,11650,141
341,11710,141
342,11770,141
343,11830,141
344,11889,141
345,11951,141
346,12013,141
347,12074,141
348,12136,142
349,12199,142
350,12262,142
351,12326,142
352,12390,142
353,12452,142
354,12518,142
355,12582,142
356,12647,142
357,12713,142
358,12779,142
359,12846,143
360,12913,143
361,12981,143
362,13049,143
363,13117,143
364,13186,143
365,13254,143
366,13323,143
367,13391,143
368,13463,143
369,13535,143
370,13607,143
371,13678,143
372,13750,143
373,13823,143
374,13896,143
375,13969,144
376,14042,144
377,14114,144
378,14190,144
379,14265,144
380,14341,144
381,14418,144
382,14495,144
383,14573,144
384,14651,144
385,14730,144
386,14808,144
387,14885,144
388,14965,144
389,15045,144
390,15126,144
391,15206,144
392,15290,144
393,15372,144
394,15456,144
395,15539,144
396,15623,144
397,15709,144
398,15794,144
399,15883,144
400,15969,144
401,16056,144
402,16140,144
403,16235,144
404,16327,144
405,16416,144
406,16507,144
407,16599,144
408,16690,144
409,16782,144
410,16878,144
411,16970,144
412,17065,144
413,17161,144
414,17257,144
415,17354,144
416,17452,144
417,17543,144
418,17650,144
419,17750,144
420,17846,144
421,17947,144
422,18049,144
423,18153,144
424,18256,144
425,18361,144
426,18465,144
427,18572,144
428,18678,144
429,18786,144
430,18894,144
431,19003,144
432,19115,144
433,19225,144
434,19339,144
435,19453,145
436,19568,145
437,19683,145
438,19798,145
439,19914,145
440,20032,145
441,20150,145
442,20269,145
443,20391,145
444,20516,145
445,20641,145
446,20763,145
447,20888,145
448,21010,145
449,21132,145
450,21259,145
451,21381,145
452,21505,145
453,21629,145
454,21744,145
455,21873,145
456,21997,145
457,22122,145
458,22245,145
459,22369,145
460,22494,145
461,22617,145
462,22741,145
463,22866,145
464,22988,145
465,23112,145
466,23236,146
467,23363,146
468,23487,146
469,23611,146
470,23736,146
471,23860,146
472,23986,146
473,24112,146
474,24235,146
475,24359,146
476,24484,146
477,24608,146
478,24732,146
479,24840,146
480,24902,147
481,24957,147
482,25013,147
483,25069,147
484,25124,147
485,25180,147
486,25235,147
487,25291,147
488,25347,147
489,25405,147
490,25462,148
491,25519,148
492,25576,148
493,25635,148
494,25692,148
495,25750,148
496,25809,148
497,25867,148
498,25926,148
499,25985,148
500,26046,149
501,26106,149
502,26166,149
503,26226,149
504,26287,149
505,26347,149
506,26408,149
507,26469,149
508,26499,149
509,26502,150
510,26502,150
511,26502,150
512,26501,150
513,26501,150
514,26500,150
515,26500,150
516,26499,150
517,26499,151
518,26499,151
519,26498,151
520,26498,151
521,26497,151
522,26497,151
523,26496,151
524,26496,151
525,26495,152
526,26495,152
527,26494,152
528,26494,152
529,26493,152
530,26493,152
531,26493,152
532,26492,152
533,26492,153
534,26491,153
535,26491,153
536,26490,153
537,26490,153
538,26489,153
539,26489,153
540,26488,153
541,26488,153
542,26487,154
543,26487,154
544,26486,154
545,26486,154
546,26485,154
547,26485,154
548,26485,154
549,26484,154
550,26483,155
551,26483,155
552,26482,155
553,26482,155
554,26481,155
555,26481,155
556,26481,155
557,26480,155
558,26480,156
559,26479,156
560,26479,156
561,26478,156
562,26478,156
563,26477,156
564,26477,156
565,26476,156
566,26476,156
567,26475,157
568,26475,157
569,26474,157
570,26474,157
571,26473,157
572,26473,157
573,26472,157
574,26472,157
575,26471,158
576,26471,158
577,26470,158
578,26470,158
579,26469,158
580,26469,158
581,26468,158
582,26468,158
583,26467,158
584,26467,159
585,26466,159
586,26466,159
587,26465,159
588,26465,159
589,26464,159
590,26464,159
591,26463,159
592,26463,159
593,26462,160
594,26462,160
595,26461,160
596,26461,160
597,26460,160
598,26460,160
599,26459,160
600,26459,160
601,26458,161
602,26458,161
603,26457,161
604,26456,161
605,26456,161
606,26456,161
607,26455,161
608,26455,161
609,26454,161
610,26454,162
611,26453,162
612,26453,162
613,26453,162
614,26452,162
615,26451,162
616,26450,162
617,26450,162
618,26450,162
619,26450,163
620,26449,163
621,26449,163
622,26448,163
623,26448,163
624,26447,163
625,26447,163
626,26446,163
627,26446,163
628,26445,164
629,26445,164
630,26444,164
631,26444,164
632,26443,164
633,26443,164
634,26442,164
635,26441,164
636,26441,164
637,26441,165
638,26440,165
639,26440,165
640,26439,165
641,26439,165
642,26438,165
643,26438,165
644,26437,165
645,26437,165
646,26436,166
647,26436,166
648,26435,166
649,26435,166
650,26435,166
651,26434,166
652,26433,166
653,26433,166
654,26432,166
655,26432,167
656,26432,167
657,26431,167
658,26431,167
659,26430,167
660,26430,167
661,26429,167
662,26429,167
663,26428,167
664,26428,168
665,26427,168
666,26427,168
667,26426,168
668,26426,168
669,26425,168
670,26425,168
671,26424,168
672,26424,168
673,26423,169
674,26423,169
675,26423,169
676,26422,169
677,26422,169
678,26421,169
679,26421,169
680,26420,169
681,26420,169
682,26419,169
683,26419,170
684,26418,170
685,26418,170
686,26417,170
687,26417,170
688,26416,170
689,26416,170
690,26415,170
691,26415,170
692,26414,171
693,26414,171
694,26414,171
695,26413,171
696,26413,171
697,26412,171
698,26412,171
699,26411,171
700,26410,171
701,26410,171
702,26410,172
703,26409,172
704,26409,172
705,26408,172
706,26408,172
707,26408,172
708,26407,172
709,26407,172
710,26406,172
711,26406,173
712,26405,173
713,26405,173
714,26404,173
715,26404,173
716,26403,173
717,26403,173
718,26402,173
719,26402,173
720,26402,173
721,26401,174
722,26401,174
723,26400,174
724,26400,174
725,26399,174
726,26399,174
727,26398,174
728,26398,174
729,26397,174
730,26397,174
731,26397,175
732,26396,175
733,26396,175
734,26395,175
735,26395,175
736,26394,175
737,26394,175
738,26393,175
739,26393,175
740,26393,175
741,26392,176
742,26392,176
743,26391,176
744,26391,176
745,26390,176
746,26390,176
747,26389,176
748,26389,176
749,26388,176
750,26388,176
751,26388,177
752,26387,177
753,26387,177
754,26386,177
755,26386,177
756,26385,177
757,26385,177
758,26384,177
759,26384,177
760,26383,177
761,26383,178
762,26383,178
763,26382,178
764,26382,178
765,26381,178
766,26381,178
767,26380,178
768,26380,178
769,26380,178
770,26379,178
771,26379,178
772,26379,179
773,26378,179
774,26378,179
775,26377,179
776,26377,179
777,26376,179
778,26376,179
779,26375,179
780,26375,179
781,26374,179
782,26374,180
783,26373,180
784,26373,180
785,26373,180
786,26372,180
787,26372,180
788,26371,180
789,26371,180
790,26371,180
791,26370,180
792,26370,180
793,26369,181
794,26369,181
795,26368,181
796,26368,181
797,26368,181
798,26367,181
799,26367,181
800,26366,181
801,26366,181
802,26365,181
803,26365,182
804,26365,182
805,26364,182
806,26364,182
807,26363,182
808,26363,182
809,26363,182
810,26362,182
811,26362,182
812,26361,182
813,26361,182
814,26360,183
815,26360,183
816,26360,183
817,26359,183
818,26359,183
819,26358,183
820,26358,183
821,26357,183
822,26357,183
823,26357,183
824,26356,183
825,26356,183
826,26355,184
827,26355,184
828,26355,184
829,26354,184
830,26354,184
831,26354,184
832,26353,184
833,26353,184
834,26352,184
835,26352,184
836,26351,184
837,26351,185
838,26351,185
839,26350,185
840,26350,185
841,26349,185
842,26349,185
843,26348,185
844,26346,185
845,26345,185
846,26344,185
847,26344,185
848,26344,186
849,26344,186
850,26344,186
851,26344,186
852,26344,186
853,26344,186
854,26344,186
855,26344,186
856,26343,186
857,26343,186
858,26342,186
859,26342,186
860,26342,187
861,26341,187
862,26341,187
863,26341,187
864,26340,187
865,26340,187
866,26339,187
867,26339,187
868,26339,187
869,26338,187
870,26338,187
871,26337,187
872,26337,188
873,26336,188
874,26336,188
875,26336,188
876,26335,188
877,26335,188
878,26335,188
879,26334,188
880,26334,188
881,26334,188
882,26333,188
883,26333,188
884,26332,189
885,26332,189
886,26332,189
887,26331,189
888,26331,189
889,26330,189
890,26330,189
891,26330,189
892,26330,189
893,26329,189
894,26329,189
895,26328,189
896,26328,190
897,26327,190
898,26327,190
899,26327,190
900,26326,190
901,26326,190
902,26326,190
903,26325,190
904,26325,190
905,26325,190
906,26324,190
907,26324,190
908,26323,191
909,26323,191
910,26323,191
911,26322,191
912,26322,191
913,26321,191
914,26321,191
915,26321,191
916,26320,191
917,26320,191
918,26320,191
919,26319,191
920,26318,191
921,26318,192
922,26318,192
923,26318,192
924,26317,192
925,26317,192
926,26317,192
927,26317,192
928,26316,192
929,26316,192
930,26315,192
931,26315,192
932,26315,192
933,26314,192
934,26314,193
935,26314,193
936,26313,193
937,26313,193
938,26313,193
939,26312,193
940,26312,193
941,26311,193
942,26312,193
943,26311,193
944,26311,193
945,26310,193
946,26310,193
947,26310,194
948,26309,194
949,26309,194
950,26308,194
951,26308,194
952,26308,194
953,26307,194
954,26307,194
955,26307,194
956,26306,194
957,26306,194
958,26306,194
959,26305,194
960,26305,194
961,26305,195
962,26304,195
963,26304,195
964,26304,195
965,26303,195
966,26303,195
967,26303,195
968,26302,195
969,26302,195
970,26302,195
971,26301,195
972,26301,195
973,26300,195
974,26300,195
975,26300,196
976,26300,196
977,26299,196
978,26299,196
979,26299,196
980,26298,196
981,26298,196
982,26298,196
983,26297,196
984,26297,196
985,26297,196
986,26296,196
987,26296,196
988,26296,196
989,26296,197
990,26295,197
991,26295,197
992,26295,197
993,26294,197
994,26294,197
995,26294,197
996,26293,197
997,26293,197
998,26293,197
999,26292,197
1000,26292,197
1001,26292,197
1002,26291,197
1003,26291,197
1004,26291,198
1005,26290,198
1006,26290,198
1007,26290,198
1008,26290,198
1009,26289,198
1010,26289,198
1011,26288,198
1012,26288,198
1013,26288,198
1014,26288,198
1015,26287,198
1016,26287,198
1017,26287,198
1018,26286,198
1019,26286,199
1020,26286,199
1021,26285,199
1022,26285,199
1023,26285,199
1024,26285,199
1025,26284,199
1026,26284,199
1027,26284,199
1028,26283,199
1029,26283,199
1030,26283,199
1031,26282,199
1032,26282,199
1033,26282,199
1034,26282,199
1035,26281,200
1036,26281,200
1037,26281,200
1038,26281,200
1039,26280,200
1040,26280,200
1041,26280,200
1042,26280,200
1043,26279,200
1044,26279,200
1045,26279,200
1046,26279,200
1047,26278,200
1048,26278,200
1049,26277,200
1050,26277,200
1051,26277,200
1052,26277,201
1053,26276,201
1054,26276,201
1055,26276,201
1056,26276,201
1057,26275,201
1058,26275,201
1059,26275,201
1060,26275,201
1061,26274,201
1062,26274,201
1063,26274,201
1064,26273,201
1065,26273,201
1066,26273,201
1067,26273,201
1068,26272,201
1069,26272,202
1070,26272,202
1071,26271,202
1072,26271,202
1073,26271,202
1074,26271,202
1075,26271,202
1076,26270,202
1077,26270,202
1078,26270,202
1079,26269,202
1080,26269,202
1081,26269,202
1082,26269,202
1083,26269,202
1084,26268,202
1085,26268,202
1086,26268,202
1087,26268,203
1088,26267,203
1089,26267,203
1090,26267,203
1091,26266,203
1092,26266,203
1093,26266,203
1094,26266,203
1095,26266,203
1096,26265,203
1097,26265,203
1098,26265,203
1099,26265,203
1100,26264,203
1101,26265,203
1102,26264,203
1103,26264,203
1104,26264,203
1105,26263,203
1106,26263,204
1107,26263,204
1108,26263,204
1109,26262,204
1110,26262,204
1111,26262,204
1112,26262,204
1113,26261,204
1114,26261,204
1115,26261,204
1116,26261,204
1117,26260,204
1118,26260,204
1119,26260,204
1120,26260,204
1121,26260,204
1122,26259,204
1123,26259,204
1124,26259,204
1125,26259,204
1126,26258,205
1127,26258,205
1128,26258,205
1129,26258,205
1130,26257,205
1131,26257,205
1132,26257,205
1133,26257,205
1134,26257,205
1135,26256,205
1136,26256,205
1137,26256,205
1138,26256,205
1139,26255,205
1140,26255,205
1141,26255,205
1142,26255,205
1143,26255,205
1144,26254,205
1145,26254,205
1146,26254,205
1147,26254,206
1148,26254,206
1149,26254,206
1150,26253,206
1151,26253,206
1152,26253,206
1153,26253,206
1154,26252,206
1155,26252,206
1156,26252,206
1157,26252,206
1158,26252,206
1159,26251,206
1160,26251,206
1161,26251,206
1162,26251,206
1163,26251,206
1164,26250,206
1165,26250,206
1166,26250,206
1167,26250,206
1168,26250,206
1169,26249,206
1170,26249,207
1171,26249,207
1172,26249,207
1173,26249,207
1174,26248,207
1175,26248,207
1176,26248,207
1177,26248,207
1178,26248,207
1179,26247,207
1180,26247,207
1181,26247,207
1182,26247,207
1183,26247,207
1184,26247,207
1185,26246,207
1186,26246,207
1187,26246,207
1188,26246,207
1189,26246,207
1190,26245,207
1191,26245,207
1192,26245,207
1193,26245,207
1194,26245,207
1195,26245,208
1196,26244,208
1197,26244,208
1198,26244,208
1199,26244,208
1200,26244,208
1201,26244,208
1202,26243,208
1203,26243,208
1204,26243,208
1205,26243,208
1206,26243,208
1207,26242,208
1208,26242,208
1209,26242,208
1210,26242,208
1211,26242,208
1212,26242,208
1213,26241,208
1214,26241,208
1215,26241,208
1216,26241,208
1217,26241,208
1218,26241,208
1219,26240,208
1220,26240,208
1221,26240,208
1222,26240,209
1223,26240,209
1224,26240,209
1225,26239,209
1226,26239,209
1227,26239,209
1228,26239,209
1229,26239,209
1230,26239,209
1231,26239,209
1232,26238,209
1233,26238,209
1234,26238,209
1235,26238,209
1236,26238,209
1237,26238,209
1238,26237,209
1239,26237,209
1240,26237,209
1241,26237,209
1242,26237,209
1243,26237,209
1244,26237,209
1245,26237,209
1246,26236,209
1247,26236,209
1248,26236,209
1249,26236,209
1250,26236,209
1251,26236,209
1252,26236,209
1253,26235,209
1254,26235,210
1255,26235,210
1256,26235,210
1257,26235,210
1258,26235,210
1259,26235,210
1260,26234,210
1261,26234,210
1262,26234,210
1263,26234,210
1264,26234,210
1265,26234,210
1266,26234,210
1267,26233,210
1268,26233,210
1269,26233,210
1270,26233,210
1271,26233,210
1272,26233,210
1273,26233,210
1274,26233,210
1275,26233,210
1276,26232,210
1277,26232,210
1278,26232,210
1279,26232,210
1280,26232,210
1281,26232,210
1282,26232,210
1283,26232,210
1284,26231,210
1285,26231,210
1286,26231,210
1287,26231,210
1288,26231,210
1289,26231,210
1290,26231,210
1291,26231,210
1292,26231,211
1293,26230,211
1294,26230,211
1295,26230,211
1296,26230,211
1297,26230,211
1298,26230,211
1299,26230,211
1300,26230,211
1301,26230,211
1302,26229,211
1303,26229,211
1304,26229,211
1305,26229,211
1306,26229,211
1307,26229,211
1308,26229,211
1309,26229,211
1310,26229,211
1311,26229,211
1312,26228,211
1313,26228,211
1314,26228,211
1315,26228,211
1316,26228,211
1317,26228,211
1318,26228,211
1319,26228,211
1320,26228,211
1321,26228,211
1322,26228,211
1323,26228,211
1324,26227,211
1325,26227,211
1326,26227,211
1327,26227,211
1328,26227,211
1329,26227,211
1330,26227,211
1331,26227,211
1332,26227,211
1333,26227,211
1334,26226,211
1335,26227,211
1336,26227,211
1337,26226,211
1338,26226,211
1339,26226,211
1340,26226,211
1341,26226,211
1342,26226,211
1343,26226,211
1344,26226,212
1345,26226,212
1346,26226,212
1347,26226,212
1348,26226,212
1349,26225,212
1350,26225,212
1351,26225,212
1352,26225,212
1353,26225,212
1354,26225,212
1355,26225,212
1356,26225,212
1357,26225,212
1358,26225,212
1359,26225,212
1360,26225,212
1361,26225,212
1362,26225,212
1363,26224,212
1364,26225,212
1365,26224,212
1366,26224,212
1367,26224,212
1368,26224,212
1369,26224,212
1370,26224,212
1371,26224,212
1372,26224,212
1373,26224,212
1374,26224,212
1375,26224,212
1376,26224,212
1377,26224,212
1378,26224,212
1379,26224,212
1380,26224,212
1381,26224,212
1382,26223,212
1383,26224,212
1384,26223,212
1385,26223,212
1386,26223,212
1387,26223,212
1388,26223,212
1389,26223,212
1390,26223,212
1391,26223,212
1392,26223,212
1393,26223,212
1394,26223,212
1395,26223,212
1396,26223,212
1397,26223,212
1398,26223,212
1399,26223,212
1400,26223,212
1401,26223,212
1402,26223,212
1403,26223,212
1404,26223,212
1405,26223,212
1406,26223,212
1407,26222,212
1408,26222,212
1409,26222,212
1410,26222,212
1411,25222,212
1412,26222,212
1413,26222,212
1414,26223,212
1415,26222,212
1416,26222,212
1417,26222,212
1418,26222,212
1419,26222,212
1420,26222,212
1421,26222,212
1422,26222,212
1423,26222,212
1424,26222,212
1425,26222,212
1426,26222,212
1427,26222,212
1428,26222,212
1429,26222,212
1430,26222,212
1431,26222,212
1432,26222,212
1433,26222,212
1434,26222,212
1435,26222,212
1436,26222,212
1437,26222,212
1438,26222,212
1439,26222,212
1440,26222,212
1441,26222,212
1442,26222,212
1443,26222,212
1444,26222,212
1445,26222,212
1446,26222,212
1447,26222,212
1448,26222,212
1449,26222,212
1450,26222,212
1451,26222,212
1452,26222,212
1453,26222,212
1454,26222,212
1455,26222,212
1456,26222,212
1457,26222,212
1458,26222,212
1459,26222,212
1460,26222,212
1461,26222,212
1462,26222,212
1463,26222,212
1464,26222,212
1465,26222,212
1466,26222,212
1467,26222,212
1468,26222,212
1469,26222,212
1470,26222,212
1471,26222,212
1472,26222,212
1473,26222,212
1474,26222,212
1475,26222,212
1476,26222,212
1477,26222,212
1478,26222,212
1479,26222,212
1480,26222,212
1481,26222,212
1482,26222,212
1483,26222,212
1484,26222,212
1485,26223,212
1486,26223,212
1487,26223,212
1488,26223,212
1489,26223,212
1490,26223,212
1491,26223,212
1492,26223,212
1493,26223,212
1494,26223,212
1495,26223,212
1496,26223,212
1497,26223,212
1498,26223,212
1499,26223,212
1500,26223,212
1501,26223,212
1502,26223,212
1503,26223,212
1504,26223,212
1505,26223,212
1506,26223,212
1507,26223,212
1508,26223,212
1509,26223,212
1510,26224,212
1511,26224,212
1512,26224,212
1513,26224,212
1514,26224,212
1515,26224,212
1516,26224,212
1517,26224,212
1518,26224,212
1519,26224,212
1520,26224,212
1521,26224,212
1522,26224,212
1523,26224,212
1524,26224,212
1525,26224,212
1526,26224,212
1527,26224,212
1528,26224,212
1529,26224,212
1530,26225,212
1531,26225,212
1532,26225,212
1533,26225,212
1534,26225,212
1535,26225,212
1536,26225,212
1537,26225,212
1538,26225,212
1539,26225,211
1540,26225,211
1541,26225,211
1542,26225,211
1543,26225,211
1544,26225,211
1545,26225,211
1546,26225,211
1547,26226,211
1548,26226,211
1549,26226,211
1550,26226,211
1551,26226,211
1552,26226,211
1553,26226,211
1554,26226,211
1555,26226,211
1556,26226,211
1557,26226,211
1558,26226,211
1559,26226,211
1560,26227,211
1561,26227,211
1562,26227,211
1563,26227,211
1564,26227,211
1565,26227,211
1566,26227,211
1567,26227,211
1568,26227,211
1569,26227,211
1570,26227,211
1571,26228,211
1572,26228,211
1573,26228,211
1574,26228,211
1575,26228,211
1576,26228,211
1577,26228,211
1578,26228,211
1579,26228,211
1580,26228,211
1581,26228,211
1582,26229,211
1583,26229,211
1584,26229,211
1585,26229,211
1586,26229,211
1587,26229,211
1588,26229,211
1589,26229,211
1590,26229,211
1591,26230,210
1592,26229,210
1593,26230,210
1594,26230,210
1595,26230,210
1596,26230,210
1597,26230,210
1598,26230,210
1599,26230,210
1600,26230,210
1601,26231,210
1602,26231,210
1603,26231,210
1604,26231,210
1605,26231,210
1606,26231,210
1607,26231,210
1608,26231,210
1609,26231,210
1610,26231,210
1611,26232,210
1612,26232,210
1613,26232,210
1614,26232,210
1615,26232,210
1616,26232,210
1617,26232,210
1618,26232,210
1619,26233,210
1620,26233,210
1621,26233,210
1622,26233,210
1623,26233,210
1624,26233,210
1625,26233,210
1626,26233,210
1627,26234,210
1628,26234,210
1629,26234,210
1630,26234,209
1631,26234,209
1632,26234,209
1633,26234,209
1634,26235,209
1635,26235,209
1636,26235,209
1637,26235,209
1638,26235,209
1639,26235,209
1640,26235,209
1641,26236,209
1642,26236,209
1643,26236,209
1644,26236,209
1645,26236,209
1646,26236,209
1647,26236,209
1648,26237,209
1649,26237,209
1650,26237,209
1651,26237,209
1652,26237,209
1653,26237,209
1654,26237,209
1655,26237,209
1656,26238,209
1657,26238,209
1658,26238,209
1659,26238,209
1660,26238,209
1661,26238,208
1662,26239,208
1663,26239,208
1664,26239,208
1665,26239,208
1666,26239,208
1667,26239,208
1668,26240,208
1669,26240,208
1670,26240,208
1671,26240,208
1672,26240,208
1673,26240,208
1674,26240,208
1675,26241,208
1676,26241,208
1677,26241,208
1678,26241,208
1679,26241,208
1680,26241,208
1681,26242,208
1682,26242,208
1683,26242,208
1684,26242,208
1685,26242,208
1686,26242,208
1687,26243,208
1688,26243,208
1689,26243,207
1690,26243,207
1691,26243,207
1692,26243,207
1693,26244,207
1694,26244,207
1695,26244,207
1696,26244,207
1697,26244,207
1698,26245,207
1699,26245,207
1700,26245,207
1701,26245,207
1702,26245,207
1703,26245,207
1704,26246,207
1705,26246,207
1706,26246,207
1707,26246,207
1708,26246,207
1709,26246,207
1710,26247,207
1711,26247,207
1712,26247,207
1713,26247,207
1714,26247,206
1715,26248,206
1716,26248,206
1717,26248,206
1718,26248,206
1719,26248,206
1720,26249,206
1721,26249,206
1722,26249,206
1723,26249,206
1724,26249,206
1725,26249,206
1726,26250,206
1727,26250,206
1728,26250,206
1729,26250,206
1730,26251,206
1731,26251,206
1732,26251,206
1733,26251,206
1734,26251,206
1735,26251,206
1736,26252,206
1737,26252,205
1738,26252,205
1739,26252,205
1740,26253,205
1741,26253,205
1742,26253,205
1743,26253,205
1744,26253,205
1745,26254,205
1746,26254,205
1747,26254,205
1748,26254,205
1749,26254,205
1750,26255,205
1751,26255,205
1752,26255,205
1753,26255,205
1754,26255,205
1755,26256,205
1756,26256,205
1757,26256,205
1758,26256,204
1759,26257,204
1760,26257,204
1761,26257,204
1762,26257,204
1763,26257,204
1764,26258,204
1765,26258,204
1766,26258,204
1767,26258,204
1768,26259,204
1769,26259,204
1770,26259,204
1771,26259,204
1772,26259,204
1773,26260,204
1774,26260,204
1775,26260,204
1776,26260,204
1777,25261,204
1778,26260,203
1779,26261,203
1780,26261,203
1781,26262,203
1782,26262,203
1783,26262,203
1784,26262,203
1785,26260,203
1786,26260,203
1787,26263,203
1788,26263,203
1789,26264,203
1790,26264,203
1791,26260,203
1792,26260,203
1793,26260,203
1794,26260,203
1795,26260,203
1796,26260,203
1797,26260,202
1798,26260,202
1799,26260,202
1800,26266,202
1801,26260,202
1802,26260,202
1803,26260,202
1804,26260,202
1805,26260,202
1806,26260,202
1807,26260,202
1808,26260,202
1809,26260,202
1810,26269,202
1811,26260,202
1812,26260,202
1813,26260,202
1814,26260,202
1815,26260,201
1816,26260,201
1817,26260,201
1818,26260,201
1819,26260,201
1820,26271,201
1821,26260,201
1822,26260,201
1823,26260,201
1824,26260,201
1825,26260,201
1826,26260,201
1827,26260,201
1828,26260,201
1829,26273,201
1830,26274,201
1831,26260,201
1832,26274,200
1833,26275,200
1834,26275,200
1835,26275,200
1836,26260,200
1837,26260,200
1838,26260,200
1839,26260,200
1840,26260,200
1841,26261,200
1842,26262,200
1843,26262,200
1844,26262,200
1845,26262,200
1846,26262,200
1847,26263,200
1848,26264,200
1849,26264,199
1850,26265,199
1851,26268,199
1852,26270,199
1853,26272,199
1854,26274,199
1855,26274,199
1856,26274,199
1857,26275,199
1858,26275,199
1859,26278,199
1860,26282,199
1861,26282,199
1862,26283,199
1863,26283,199
1864,26283,199
1865,26283,198
1866,26284,198
1867,26284,198
1868,26284,198
1869,26285,198
1870,26285,198
1871,26285,198
1872,26286,198
1873,26286,198
1874,26286,198
1875,26286,198
1876,26287,198
1877,26287,198
1878,26287,198
1879,26288,198
1880,26288,197
1881,26288,197
1882,26289,197
1883,26289,197
1884,26289,197
1885,26289,197
1886,26290,197
1887,26290,197
1888,26290,197
1889,26291,197
1890,26291,197
1891,26291,197
1892,26292,197
1893,26292,197
1894,26292,197
1895,26292,196
1896,26293,196
1897,26293,196
1898,26293,196
1899,26294,196
1900,26294,196
1901,26294,196
1902,26295,196
1903,26295,196
1904,26295,196
1905,26295,196
1906,26296,196
1907,26296,196
1908,26297,196
1909,26297,196
1910,26297,195
1911,26297,195
1912,26298,195
1913,26298,195
1914,26298,195
1915,26299,195
1916,26299,195
1917,26299,195
1918,26300,195
1919,26300,195
1920,26300,195
1921,26301,195
1922,26301,195
1923,26301,195
1924,26302,194
1925,26302,194
1926,26302,194
1927,26303,194
1928,26303,194
1929,26303,194
1930,26304,194
1931,26304,194
1932,26304,194
1933,26304,194
1934,26305,194
1935,26305,194
1936,26306,194
1937,26306,193
1938,26306,193
1939,26307,193
1940,26307,193
1941,26307,193
1942,26307,193
1943,26308,193
1944,26308,193
1945,26309,193
1946,26309,193
1947,26309,193
1948,26309,193
1949,26310,193
1950,26310,193
1951,26311,192
1952,26311,192
1953,26311,192
1954,26312,192
1955,26312,192
1956,26312,192
1957,26313,192
1958,26313,192
1959,26313,192
1960,26314,192
1961,26314,192
1962,26314,192
1963,26315,192
1964,26315,191
1965,26316,191
1966,26316,191
1967,26316,191
1968,26316,191
1969,26317,191
1970,26317,191
1971,26318,191
1972,26318,191
1973,26318,191
1974,26319,191
1975,26319,191
1976,26319,190
1977,26320,190
1978,26320,190
1979,26320,190
1980,26321,190
1981,26321,190
1982,26322,190
1983,26322,190
1984,26322,190
1985,26323,190
1986,26323,190
1987,26323,190
1988,26324,190
1989,26324,189
1990,26324,189
1991,26325,189
1992,26325,189
1993,26325,189
1994,26326,189
1995,26326,189
1996,26327,189
1997,26327,189
1998,26327,189
1999,26328,189
2000,26328,189
2001,26329,188
2002,26329,188
2003,26329,188
2004,26330,188
2005,26330,188
2006,26330,188
2007,26331,188
2008,26331,188
2009,26309,188
2010,26309,188
2011,26309,188
2012,26310,188
2013,26310,187
2014,26310,187
2015,26311,187
2016,26311,187
2017,26312,187
2018,26312,187
2019,26312,187
2020,26312,187
2021,26313,187
2022,26313,187
2023,26314,187
2024,26314,187
2025,26314,186
2026,26314,186
2027,26315,186
2028,26316,186
2029,26316,186
2030,26316,186
2031,26316,186
2032,26316,186
2033,26317,186
2034,26318,186
2035,26318,186
2036,26318,186
2037,26318,185
2038,26319,185
2039,26319,185
2040,26320,185
2041,26320,185
2042,26320,185
2043,26320,185
2044,26321,185
2045,26322,185
2046,26322,185
2047,26322,185
2048,26322,184
2049,26323,184
2050,26323,184
2051,26324,184
2052,26324,184
2053,26324,184
2054,26324,184
2055,26325,184
2056,26325,184
2057,26326,184
2058,26326,184
2059,26326,183
2060,26327,183
2061,26327,183
2062,26328,183
2063,26328,183
2064,26328,183
2065,26329,183
2066,26329,183
2067,26330,183
2068,26330,183
2069,26330,183
2070,26330,182
2071,26331,182
2072,26344,182
2073,26357,182
2074,26357,182
2075,26358,182
2076,26358,182
2077,26358,182
2078,26359,182
2079,26359,182
2080,26360,182
2081,26360,181
2082,26360,181
2083,26361,181
2084,26361,181
2085,26362,181
2086,26362,181
2087,26363,181
2088,26363,181
2089,26363,181
2090,26364,181
2091,26364,181
2092,26365,180
2093,26365,180
2094,26365,180
2095,26366,180
2096,26366,180
2097,26367,180
2098,26367,180
2099,26368,180
2100,26368,180
2101,26369,180
2102,26369,180
2103,26369,179
2104,26370,179
2105,26370,179
2106,26371,179
2107,26368,179
2108,26369,179
2109,26369,179
2110,26372,179
2111,26373,179
2112,26370,179
2113,26372,178
2114,26372,178
2115,26374,178
2116,26375,178
2117,26375,178
2118,26376,178
2119,26376,178
2120,26377,178
2121,26377,178
2122,26378,178
2123,26378,177
2124,26378,177
2125,26379,177
2126,26379,177
2127,26380,177
2128,26380,177
2129,26381,177
2130,26381,177
2131,26381,177
2132,26382,177
2133,26382,176
2134,26383,176
2135,26383,176
2136,26384,176
2137,26384,176
2138,26385,176
2139,26385,176
2140,26385,176
2141,26386,176
2142,26386,176
2143,26387,176
2144,26387,175
2145,26388,175
2146,26388,175
2147,26389,175
2148,26389,175
2149,26390,175
2150,26390,175
2151,26391,175
2152,26391,175
2153,26391,175
2154,26392,174
2155,26392,174
2156,26393,174
2157,26393,174
2158,26394,174
2159,26394,174
2160,26395,174
2161,26395,174
2162,26396,174
2163,26396,173
2164,26397,173
2165,26397,173
2166,26398,173
2167,26398,173
2168,26398,173
2169,26399,173
2170,26399,173
2171,26400,173
2172,26400,173
2173,26401,172
2174,26401,172
2175,26402,172
2176,26402,172
2177,26403,172
2178,26403,172
2179,26404,172
2180,26404,172
2181,26405,172
2182,26405,172
2183,26406,171
2184,26406,171
2185,26406,171
2186,26407,171
2187,26407,171
2188,26408,171
2189,26408,171
2190,26409,171
2191,26409,171
2192,26410,170
2193,26410,170
2194,26411,170
2195,26411,170
2196,26412,170
2197,26412,170
2198,26413,170
2199,26413,170
2200,26414,170
2201,26414,170
2202,26415,169
2203,26415,169
2204,26416,169
2205,26416,169
2206,26417,169
2207,26417,169
2208,26418,169
2209,26418,169
2210,26419,169
2211,26419,168
2212,26420,168
2213,26420,168
2214,26421,168
2215,26421,168
2216,26422,168
2217,26422,168
2218,26423,168
2219,26423,168
2220,26424,167
2221,26424,167
2222,26425,167
2223,26425,167
2224,26426,167
2225,26426,167
2226,26426,167
2227,26427,167
2228,26427,167
2229,26428,167
2230,26428,166
2231,26429,166
2232,26429,166
2233,26430,166
2234,26430,166
2235,26431,166
2236,26431,166
2237,26432,166
2238,26432,166
2239,26433,165
2240,26433,165
2241,26434,165
2242,26435,165
2243,26435,165
2244,26436,165
2245,26436,165
2246,26437,165
2247,26437,165
2248,26438,164
2249,26438,164
2250,26439,164
2251,26439,164
2252,26440,164
2253,26440,164
2254,26441,164
2255,26441,164
2256,26442,164
2257,26442,163
2258,26443,163
2259,26443,163
2260,26444,163
2261,26444,163
2262,26445,163
2263,26445,163
2264,26446,163
2265,26446,163
2266,26447,162
2267,26447,162
2268,26448,162
2269,26448,162
2270,26449,162
2271,26449,162
2272,26450,162
2273,26450,162
2274,26451,161
2275,26452,161
2276,26452,161
2277,26453,161
2278,26453,161
2279,26454,161
2280,26454,161
2281,26455,161
2282,26455,161
2283,26456,160
2284,26456,160
2285,26457,160
2286,26457,160
2287,26458,160
2288,26458,160
2289,26459,160
2290,26459,160
2291,26460,160
2292,26461,159
2293,26461,159
2294,26462,159
2295,26462,159
2296,26463,159
2297,26463,159
2298,26463,159
2299,26464,159
2300,26465,159
2301,26465,158
2302,26466,158
2303,26466,158
2304,26467,158
2305,26467,158
2306,26468,158
2307,26468,158
2308,26469,158
2309,26470,157
2310,26470,157
2311,26471,157
2312,26471,157
2313,26472,157
2314,26472,157
2315,26473,157
2316,26473,157
2317,26474,157
2318,26474,156
2319,26475,156
2320,26475,156
2321,26476,156
2322,26477,156
2323,26477,156
2324,26478,156
2325,26478,156
2326,26479,155
2327,26479,155
2328,26480,155
2329,26481,155
2330,26481,155
2331,26481,155
2332,26482,155
2333,26483,155
2334,26483,155
2335,26484,154
2336,26484,154
2337,26485,154
2338,26485,154
2339,26486,154
2340,26486,154
2341,26487,154
2342,26488,154
2343,26488,153
2344,26489,153
2345,26489,153
2346,26490,153
2347,26490,153
2348,26491,153
2349,26491,153
2350,26492,153
2351,26492,152
2352,26493,152
2353,26494,152
2354,26494,152
2355,26495,152
2356,26495,152
2357,26496,152
2358,26496,152
2359,26497,152
2360,26498,151
2361,26498,151
2362,26499,151
2363,26499,151
2364,26500,151
2365,26501,151
2366,26501,151
2367,26501,151
2368,26502,150
2369,26503,150
2370,26503,150
2371,26504,150
2372,26504,150
2373,26505,150
2374,26505,150
2375,26506,150
2376,26506,149
2377,26507,149
2378,26507,149
2379,26508,149
2380,26509,149
2381,26509,149
2382,26510,149
2383,26510,149
2384,26511,148
2385,26512,148
2386,26512,148
2387,26513,148
2388,26513,148
2389,26514,148
2390,26514,148
2391,26515,148
2392,26515,147
2393,26516,147
2394,26517,147
2395,26517,147
2396,26518,147
2397,26518,147
2398,26519,147
2399,26519,147
2400,26520,146
2401,26521,146
2402,26521,146
2403,26522,146
2404,26522,146
2405,26523,146
2406,26524,146
2407,26524,146
2408,26525,145
2409,26525,145
2410,26526,145
2411,26527,145
2412,26527,145
2413,26528,145
2414,26528,145
2415,26529,145
2416,26529,144
2417,26530,144
2418,26530,144
2419,26531,144
2420,26532,144
2421,26532,144
2422,26533,144
2423,26533,144
2424,26534,143
2425,26535,143
2426,26535,143
2427,26536,143
2428,26536,143
2429,26537,143
2430,26537,143
2431,26538,143
2432,26538,142
2433,26539,142
2434,26540,142
2435,26540,142
2436,26541,142
2437,26541,142
2438,26542,142
2439,26543,142
2440,26543,141
2441,26544,141
2442,26545,141
2443,26545,141
2444,26546,141
2445,26546,141
2446,26547,141
2447,26547,141
2448,26548,140
2449,26549,140
2450,26549,140
2451,26550,140
2452,26550,140
2453,26551,140
2454,26551,140
2455,26552,140
2456,26553,139
2457,26553,139
2458,26554,139
2459,26554,139
2460,26555,139
2461,26555,139
2462,26556,139
2463,26557,139
2464,26557,138
2465,26558,138
2466,26558,138
2467,26559,138
2468,26560,138
2469,26560,138
2470,26561,138
2471,26561,137
2472,26562,137
2473,26563,137
2474,26563,137
2475,26564,137
2476,26564,137
2477,26565,137
2478,26566,137
2479,26566,136
2480,26567,136
2481,26567,136
2482,26568,136
2483,26569,136
2484,26569,136
2485,26570,136
2486,26570,136
2487,26571,135
2488,26572,135
2489,26572,135
2490,26573,135
2491,26573,135
2492,26574,135
2493,26575,135
2494,26575,134
2495,26576,134
2496,26576,134
2497,26577,134
2498,26578,134
2499,26578,134
2500,26579,134
2501,26579,134
2502,26580,133
2503,26580,133
2504,26581,133
2505,26582,133
2506,26582,133
2507,26583,133
2508,26584,133
2509,26584,133
2510,26585,132
2511,26586,132
2512,26586,132
2513,26587,132
2514,26588,132
2515,26588,132
2516,26588,132
2517,26589,131
2518,26590,131
2519,26591,131
2520,26591,131
2521,26592,131
2522,26592,131
2523,26593,131
2524,26594,131
2525,26594,130
2526,26595,130
2527,26595,130
2528,26596,130
2529,26596,130
2530,26597,130
2531,26598,130
2532,26598,129
2533,26599,129
2534,26600,129
2535,26600,129
2536,26601,129
2537,26601,129
2538,26602,129
2539,26602,129
2540,26603,128
2541,26604,128
2542,26604,128
2543,26605,128
2544,26605,128
2545,26606,128
2546,26607,128
2547,26607,127
2548,26608,127
2549,26609,127
2550,26609,127
2551,26610,127
2552,26610,127
2553,26611,127
2554,26612,127
2555,26612,126
2556,26613,126
2557,26614,126
2558,26614,126
2559,26615,126
2560,26615,126
2561,26616,126
2562,26617,125
2563,26617,125
2564,26618,125
2565,26619,125
2566,26619,125
2567,26620,125
2568,26621,125
2569,26621,125
2570,26622,124
2571,26622,124
2572,26623,124
2573,26624,124
2574,26624,124
2575,26625,124
2576,26625,124
2577,26626,123
2578,26627,123
2579,26627,123
2580,26628,123
2581,26628,123
2582,26629,123
2583,26629,123
2584,26630,122
2585,26631,122
2586,26631,122
2587,26632,122
2588,26633,122
2589,26634,122
2590,26634,122
2591,26635,122
2592,26635,121
2593,26636,121
2594,26636,121
2595,26637,121
2596,26638,121
2597,26638,121
2598,26639,121
2599,26639,120
2600,26640,120
2601,26641,120
2602,26642,120
2603,26642,120
2604,26643,120
2605,26643,120
2606,26644,119
2607,26645,119
2608,26645,119
2609,26646,119
2610,26646,119
2611,26647,119
2612,26648,119
2613,26648,119
2614,26649,118
2615,26650,118
2616,26650,118
2617,26651,118
2618,26652,118
2619,26652,118
2620,26653,118
2621,26653,117
2622,26654,117
2623,26655,117
2624,26655,117
2625,26656,117
2626,26657,117
2627,26657,117
2628,26658,116
2629,26658,116
2630,26659,116
2631,26659,116
2632,26660,116
2633,26661,116
2634,26661,116
2635,26662,116
2636,26662,115
2637,26663,115
2638,26664,115
2639,26664,115
2640,26665,115
2641,26666,115
2642,26666,115
2643,26667,114
2644,26667,114
2645,26668,114
2646,26669,114
2647,26670,114
2648,26670,114
2649,26671,114
2650,26671,113
2651,26672,113
2652,26672,113
2653,26673,113
2654,26673,113
2655,26674,113
2656,26675,113
2657,26675,112
2658,26676,112
2659,26677,112
2660,26677,112
2661,26678,112
2662,26679,112
2663,26679,112
2664,26680,112
2665,26680,112
2666,26681,111
2667,26682,111
2668,26682,111
2669,26683,111
2670,26684,111
2671,26684,111
2672,26685,110
2673,26686,110
2674,26686,110
2675,26687,110
2676,26687,110
2677,26688,110
2678,26688,110
2679,26689,109
2680,26690,109
2681,26690,109
2682,26691,109
2683,26691,109
2684,26692,109
2685,26693,109
2686,26694,108
2687,26694,108
2688,26695,108
2689,26695,108
2690,26696,108
2691,26697,108
2692,26697,108
2693,26698,107
2694,26698,107
2695,26699,107
2696,26700,107
2697,26700,107
2698,26701,107
2699,26701,107
2700,26702,107
2701,26703,106
2702,26703,106
2703,26704,106
2704,26704,106
2705,26705,106
2706,26706,106
2707,26706,106
2708,26707,105
2709,26707,105
2710,26708,105
2711,26709,105
2712,26709,105
2713,26710,105
2714,26710,105
2715,26711,104
2716,26712,104
2717,26712,104
2718,26713,104
2719,26713,104
2720,26714,104
2721,26715,104
2722,26715,103
2723,26716,103
2724,26716,103
2725,26717,103
2726,26717,103
2727,26718,103
2728,26719,103
2729,26719,102
2730,26720,102
2731,26720,102
2732,26721,102
2733,26722,102
2734,26722,102
2735,26723,102
2736,26723,101
2737,26724,101
2738,26724,101
2739,26725,101
2740,26726,101
2741,26726,101
2742,26727,101
2743,26727,101
2744,26728,100
2745,26728,100
2746,26729,100
2747,26729,100
2748,26730,100
2749,26731,100
2750,26731,100
2751,26732,99
2752,26732,99
2753,26733,99
2754,26733,99
2755,26734,99
2756,26734,99
2757,26735,99
2758,26735,98
2759,26736,98
2760,26736,98
2761,26737,98
2762,26737,98
2763,26738,98
2764,26739,98
2765,26739,97
2766,26739,97
2767,26740,97
2768,26741,97
2769,26741,97
2770,26741,97
2771,26742,97
2772,26742,96
2773,26743,96
2774,26743,96
2775,26744,96
2776,26744,96
2777,26745,96
2778,26745,96
2779,26746,95
2780,26746,95
2781,26746,95
2782,26747,95
2783,26747,95
2784,26748,95
2785,26748,95
2786,26748,94
2787,26749,94
2788,26749,94
2789,26750,94
2790,26750,94
2791,26750,94
2792,26751,94
2793,26751,94
2794,26751,93
2795,26751,93
2796,26752,93
2797,26752,93
2798,26752,93
2799,26753,93
2800,26753,93
2801,26753,92
2802,26753,92
2803,26754,92
2804,26754,92
2805,26754,92
2806,26754,92
2807,26755,92
2808,26755,91
2809,26755,91
2810,26755,91
2811,26755,91
2812,26755,91
2813,26755,91
2814,26756,91
2815,26755,90
2816,26756,90
2817,26756,90
2818,26756,90
2819,26756,90
2820,26756,90
2821,26755,90
2822,26756,89
2823,26756,89
2824,26756,89
2825,26755,89
2826,26755,89
2827,26755,89
2828,26755,89
2829,26754,89
2830,26754,88
2831,26755,88
2832,26754,88
2833,26754,88
2834,26754,88
2835,26753,88
2836,26753,88
2837,26753,87
2838,26752,87
2839,26752,87
2840,26751,87
2841,26751,87
2842,26751,87
2843,26750,87
2844,26749,86
2845,26749,86
2846,26748,86
2847,26748,86
2848,26747,86
2849,26746,86
2850,26745,86
2851,26744,86
2852,26743,85
2853,26743,85
2854,26741,85
2855,26741,85
2856,26740,85
2857,26739,85
2858,26738,85
2859,26737,84
2860,26736,84
2861,26734,84
2862,26733,84
2863,26732,84
2864,26732,84
2865,26731,84
2866,26729,84
2867,26727,83
2868,26725,83
2869,26724,83
2870,26722,83
2871,26722,83
2872,26719,83
2873,26718,83
2874,26716,82
2875,26714,82
2876,26713,82
2877,26711,82
2878,26709,82
2879,26707,82
2880,26705,82
2881,26703,82
2882,26700,81
2883,26698,81
2884,26695,81
2885,26693,81
2886,26690,81
2887,26688,81
2888,26686,81
2889,26684,81
2890,26681,80
2891,26679,80
2892,26677,80
2893,26673,80
2894,26672,80
2895,26669,80
2896,26666,80
2897,26663,80
2898,26660,79
2899,26657,79
2900,26654,79
2901,26649,79
2902,26645,79
2903,26642,79
2904,26638,79
2905,26635,79
2906,26631,78
2907,26628,78
2908,26624,78
2909,26621,78
2910,26616,78
2911,26612,78
2912,26608,78
2913,26604,78
2914,26599,78
2915,26594,77
2916,26589,77
2917,26584,77
2918,26580,77
2919,26574,77
2920,26568,77
2921,26562,77
2922,26557,77
2923,26551,76
2924,26545,76
2925,26539,76
2926,26533,76
2927,26527,76
2928,26520,76
2929,26514,76
2930,26507,76
2931,26500,76
2932,26493,76
2933,26486,75
2934,26478,75
2935,26471,75
2936,26464,75
2937,26456,75
2938,26448,75
2939,26440,75
2940,26432,75
2941,26423,75
2942,26414,75
2943,26406,74
2944,26397,74
2945,26388,74
2946,26379,74
2947,26370,74
2948,26360,74
2949,26351,74
2950,26341,74
2951,26332,74
2952,26322,74
2953,26311,73
2954,26301,73
2955,26291,73
2956,26280,73
2957,26270,73
2958,26259,73
2959,26248,73
2960,26237,73
2961,26226,73
2962,26214,73
2963,26203,73
2964,26191,73
2965,26179,72
2966,26167,72
2967,26155,72
2968,26142,72
2969,26130,72
2970,26117,72
2971,26104,72
2972,26092,72
2973,26079,72
2974,26066,72
2975,26052,72
2976,26039,72
2977,26025,72
2978,26012,72
2979,25998,72
2980,25984,71
2981,25970,71
2982,25957,71
2983,25942,71
2984,25927,71
2985,25912,71
2986,25897,71
2987,25883,71
2988,25868,71
2989,25853,71
2990,25838,71
2991,25823,71
2992,25808,71
2993,25792,71
2994,25777,71
2995,25761,71
2996,25745,71
2997,25730,71
2998,25713,70
2999,25697,70
3000,25681,70
3001,25664,70
3002,25648,70
3003,25632,70
3004,25615,70
3005,25598,70
3006,25582,70
3007,25564,70
3008,25547,70
3009,25530,70
3010,25513,70
3011,25496,70
3012,25479,70
3013,25461,70
3014,25444,70
3015,25426,70
3016,25409,70
3017,25391,70
3018,25374,70
3019,25356,70
3020,25338,70
3021,25320,70
3022,25302,70
3023,25285,70
3024,25267,69
3025,25249,69
3026,25231,69
3027,25213,69
3028,25195,69
3029,25176,69
3030,25158,69
3031,25139,69
3032,25121,69
3033,25103,69
3034,25084,69
3035,25066,69
3036,25048,69
3037,25030,69
3038,25012,69
3039,24993,69
3040,24975,69
3041,24957,69
3042,24939,69
3043,24920,69
3044,24902,69
3045,24884,69
3046,24866,69
3047,24848,69
3048,24830,69
3049,24812,69
3050,24794,69
3051,24777,69
3052,24759,69
3053,24741,69
3054,24723,69
3055,24705,69
3056,24688,69
3057,24671,69
3058,24653,69
3059,24636,69
3060,24618,69
3061,24600,69
3062,24583,69
3063,24566,69
3064,24549,69
3065,24531,69
3066,24514,69
3067,24497,69
3068,24480,69
3069,24463,69
3070,24446,69
3071,24429,69
3072,24413,69
3073,24395,69
3074,24378,69
3075,24362,69
3076,24345,69
3077,24328,69
3078,24311,69
3079,24295,69
3080,24278,69
3081,24262,69
3082,24246,69
3083,24229,69
3084,24213,69
3085,24196,69
3086,24180,69
3087,24165,69
3088,24149,69
3089,24132,69
3090,24117,69
3091,24101,69
3092,24085,69
3093,24069,69
3094,24052,69
3095,24036,69
3096,24020,69
3097,24005,69
3098,23989,69
3099,23973,69
3100,23958,69
3101,23942,69
3102,23927,69
3103,23911,69
3104,23896,69
3105,23879,69
3106,23864,69
3107,23848,69
3108,23840,69
3109,23827,69
3110,23813,69
3111,23798,69
3112,23784,69
3113,23770,69
3114,23755,69
3115,23741,69
3116,23727,69
3117,23714,69
3118,23699,69
3119,23685,69
3120,23671,69
3121,23657,69
3122,23644,69
3123,23630,69
3124,23617,69
3125,23603,69
3126,23590,69
3127,23576,69
3128,23562,69
3129,23549,69
3130,23536,69
3131,23522,69
3132,23509,69
3133,23496,69
3134,23483,69
3135,23470,69
3136,23456,69
3137,23443,69
3138,23430,69
3139,23418,69
3140,23405,69
3141,23392,69
3142,23379,69
3143,23366,69
3144,23354,69
3145,23341,69
3146,23328,69
3147,23316,69
3148,23302,69
3149,23290,69
3150,23277,69
3151,23265,69
3152,23252,69
3153,23239,69
3154,23227,69
3155,23215,69
3156,23203,69
3157,23190,69
3158,23178,69
3159,23165,69
3160,23153,69
3161,23141,69
3162,23129,69
3163,23116,69
3164,23103,69
3165,23091,69
3166,23079,69
3167,23066,69
3168,23054,69
3169,23041,69
3170,23029,69
3171,23016,69
3172,23004,69
3173,22992,69
3174,22979,69
3175,22967,69
3176,22954,69
3177,22942,69
3178,22929,69
3179,22917,69
3180,22904,69
3181,22892,69
3182,22879,69
3183,22866,69
3184,22854,69
3185,22841,69
3186,22828,69
3187,22816,69
3188,22803,69
3189,22791,69
3190,22779,69
3191,22766,69
3192,22754,69
3193,22741,69
3194,22728,69
3195,22715,69
3196,22701,69
3197,22688,69
3198,22675,69
3199,22662,69
3200,22649,69
3201,22636,69
3202,22623,69
3203,22610,69
3204,22597,69
3205,22584,69
3206,22571,69
3207,22559,69
3208,22545,69
3209,22532,69
3210,22519,69
3211,22506,68
3212,22493,68
3213,22479,68
3214,22466,68
3215,22453,68
3216,22439,68
3217,22426,68
3218,22413,68
3219,22400,68
3220,22386,68
3221,22372,68
3222,22360,68
3223,22346,68
3224,22332,68
3225,22318,68
3226,22305,68
3227,22291,68
3228,22277,68
3229,22263,68
3230,22249,68
3231,22235,68
3232,22221,68
3233,22207,68
3234,22192,68
3235,22178,67
3236,22163,67
3237,22150,67
3238,22134,67
3239,22120,67
3240,22105,67
3241,22090,67
3242,22075,67
3243,22060,67
3244,22045,67
3245,22029,67
3246,22014,67
3247,21999,67
3248,21983,67
3249,21967,67
3250,21952,67
3251,21936,67
3252,21921,67
3253,21905,66
3254,21889,66
3255,21872,66
3256,21857,66
3257,21840,66
3258,21824,66
3259,21808,66
3260,21791,66
3261,21774,66
3262,21758,66
3263,21741,66
3264,21723,66
3265,21706,66
3266,21689,66
3267,21672,66
3268,21654,65
3269,21635,65
3270,21617,65
3271,21599,65
3272,21579,65
3273,21560,65
3274,21542,65
3275,21523,65
3276,21504,65
3277,21485,65
3278,21465,65
3279,21446,65
3280,21427,65
3281,21407,65
3282,21389,65
3283,21368,64
3284,21348,64
3285,21328,64
3286,21307,64
3287,21286,64
3288,21266,64
3289,21245,64
3290,21225,64
3291,21204,64
3292,21182,64
3293,21161,64
3294,21139,64
3295,21117,64
3296,21095,64
3297,21073,63
3298,21049,63
3299,21026,63
3300,21003,63
3301,20980,63
3302,20956,63
3303,20932,63
3304,20908,63
3305,20884,63
3306,20859,63
3307,20835,63
3308,20810,63
3309,20785,63
3310,20761,63
3311,20736,62
3312,20712,62
3313,20686,62
3314,20660,62
3315,20635,62
3316,20609,62
3317,20584,62
3318,20558,62
3319,20532,62
3320,20506,62
3321,20479,62
3322,20452,62
3323,20427,62
3324,20400,62
3325,20373,62
3326,20346,61
3327,20321,61
3328,20293,61
3329,20264,61
3330,20237,61
3331,20209,61
3332,20181,61
3333,20153,61
3334,20125,61
3335,20096,61
3336,20068,61
3337,20039,61
3338,20011,61
3339,19981,61
3340,19952,61
3341,19922,61
3342,19895,61
3343,19864,60
3344,19834,60
3345,19804,60
3346,19775,60
3347,19745,60
3348,19715,60
3349,19685,60
3350,19654,60
3351,19624,60
3352,19594,60
3353,19563,60
3354,19533,60
3355,19501,60
3356,19472,60
3357,19443,60
3358,19410,60
3359,19379,60
3360,19348,60
3361,19316,60
3362,19285,60
3363,19253,60
3364,19222,60
3365,19190,59
3366,19159,59
3367,19127,59
3368,19095,59
3369,19063,59
3370,19032,59
3371,19000,59
3372,18970,59
3373,18937,59
3374,18905,59
3375,18873,59
3376,18841,59
3377,18809,59
3378,18777,59
3379,18745,59
3380,18713,59
3381,18681,59
3382,18649,59
3383,18618,59
3384,18585,59
3385,18553,59
3386,18521,59
3387,18491,59
3388,18457,59
3389,18425,59
3390,18394,59
3391,18362,59
3392,18330,59
3393,18299,59
3394,18267,58
3395,18235,58
3396,18203,58
3397,18171,58
3398,18138,58
3399,18106,58
3400,18074,58
3401,18042,58
3402,18011,58
3403,17978,58
3404,17945,58
3405,17912,58
3406,17880,58
3407,17847,58
3408,17816,58
3409,17783,58
3410,17750,58
3411,17718,58
3412,17686,58
3413,17653,58
3414,17621,58
3415,17588,58
3416,17556,58
3417,17525,58
3418,17491,58
3419,17462,58
3420,17434,58
3421,17400,58
3422,17367,58
3423,17335,58
3424,17296,58
3425,17264,58
3426,17230,58
3427,17197,58
3428,17164,58
3429,17130,58
3430,17094,57
3431,17058,57
3432,17027,57
3433,16992,57
3434,16960,57
3435,16927,57
3436,16894,57
3437,16861,57
3438,16828,57
3439,16796,57
3440,16763,57
3441,16728,57
3442,16695,57
3443,16662,57
3444,16629,57
3445,16596,57
3446,16563,57
3447,16532,57
3448,16500,57
3449,16465,57
3450,16430,57
3451,16396,57
3452,16362,57
3453,16329,57
3454,16295,56
3455,16261,56
3456,16228,56
3457,16195,56
3458,16159,56
3459,16126,56
3460,16091,56
3461,16060,56
3462,16030,56
3463,15995,56
3464,15961,56
3465,15925,56
3466,15891,56
3467,15857,56
3468,15823,56
3469,15789,56
3470,15753,56
3471,15719,56
3472,15684,56
3473,15649,56
3474,15614,56
3475,15580,55
3476,15542,55
3477,15507,55
3478,15471,55
3479,15437,55
3480,15400,55
3481,15365,55
3482,15329,55
3483,15294,55
3484,15257,55
3485,15221,55
3486,15185,55
3487,15147,55
3488,15108,55
3489,15070,55
3490,15035,55
3491,14998,54
3492,14964,54
3493,14925,54
3494,14887,54
3495,14850,54
3496,14812,54
3497,14774,54
3498,14736,54
3499,14698,54
3500,14660,54
3501,14621,54
3502,14581,54
3503,14542,54
3504,14502,53
3505,14462,53
3506,14422,53
3507,14384,53
3508,14343,53
3509,14302,53
3510,14262,53
3511,14221,53
3512,14180,53
3513,14139,53
3514,14100,53
3515,14056,53
3516,14015,53
3517,13974,52
3518,13933,52
3519,13892,52
3520,13851,52
3521,13808,52
3522,13768,52
3523,13725,52
3524,13682,52
3525,13639,52
3526,13597,52
3527,13554,52
3528,13512,52
3529,13469,52
3530,13426,51
3531,13382,51
3532,13338,51
3533,13294,51
3534,13249,51
3535,13205,51
3536,13159,51
3537,13117,51
3538,13070,51
3539,13024,51
3540,12978,51
3541,12932,51
3542,12886,50
3543,12840,50
3544,12793,50
3545,12747,50
3546,12700,50
3547,12652,50
3548,12606,50
3549,12559,50
3550,12511,50
3551,12465,50
3552,12420,50
3553,12369,50
3554,12322,50
3555,12274,49
3556,12226,49
3557,12179,49
3558,12132,49
3559,12083,49
3560,12036,49
3561,11987,49
3562,11939,49
3563,11891,49
3564,11842,49
3565,11794,49
3566,11745,49
3567,11699,49
3568,11649,48
3569,11599,48
3570,11550,48
3571,11500,48
3572,11451,48
3573,11401,48
3574,11352,48
3575,11303,48
3576,11253,48
3577,11203,48
3578,11154,48
3579,11104,48
3580,11054,47
3581,11004,47
3582,10956,47
3583,10902,47
3584,10853,47
3585,10803,47
3586,10752,47
3587,10702,47
3588,10651,47
3589,10600,47
3590,10551,47
3591,10501,47
3592,10450,47
3593,10399,46
3594,10348,46
3595,10299,46
3596,10248,46
3597,10200,46
3598,10148,46
3599,10097,46
3600,10046,46
3601,9995,46
3602,9945,46
3603,9893,46
3604,9843,46
3605,9792,45
3606,9741,45
3607,9689,45
3608,9638,45
3609,9586,45
3610,9536,45
3611,9484,45
3612,9436,45
3613,9381,45
3614,9331,45
3615,9279,45
3616,9228,45
3617,9177,45
3618,9125,44
3619,9074,44
3620,9024,44
3621,8971,44
3622,8919,44
3623,8870,44
3624,8819,44
3625,8766,44
3626,8715,44
3627,8665,44
3628,8611,44
3629,8558,44
3630,8506,43
3631,8454,43
3632,8402,43
3633,8349,43
3634,8297,43
3635,8244,43
3636,8190,43
3637,8138,43
3638,8085,43
3639,8031,43
3640,7977,43
3641,7924,42
3642,7873,42
3643,7817,42
3644,7763,42
3645,7710,42
3646,7655,42
3647,7603,42
3648,7548,42
3649,7495,42
3650,7440,42
3651,7385,42
3652,7331,41
3653,7275,41
3654,7221,41
3655,7166,41
3656,7111,41
3657,7061,41
3658,7004,41
3659,6948,41
3660,6895,41
3661,6840,41
3662,6786,40
3663,6731,40
3664,6677,40
3665,6623,40
3666,6569,40
3667,6515,40
3668,6461,40
3669,6408,40
3670,6354,40
3671,6300,40
3672,6249,39
3673,6195,39
3674,6138,39
3675,6085,39
3676,6031,39
3677,5978,39
3678,5924,39
3679,5870,39
3680,5817,38
3681,5763,38
3682,5708,38
3683,5654,38
3684,5600,38
3685,5545,38
3686,5489,38
3687,5437,38
3688,5380,37
3689,5325,37
3690,5272,37
3691,5217,37
3692,5162,37
3693,5107,37
3694,5052,37
3695,4998,37
3696,4943,36
3697,4888,36
3698,4832,36
3699,4777,36
3700,4723,36
3701,4669,36
3702,4617,36
3703,4561,35
3704,4506,35
3705,4453,35
3706,4399,35
3707,4345,35
3708,4290,35
3709,4235,34
3710,4181,34
3711,4126,34
3712,4072,34
3713,4017,34
3714,3963,34
3715,3909,33
3716,3854,33
3717,3803,33
3718,3747,33
3719,3692,33
3720,3638,33
3721,3584,32
3722,3532,32
3723,3477,32
3724,3425,32
3725,3371,32
3726,3319,32
3727,3266,31
3728,3213,31
3729,3160,31
3730,3107,31
3731,3053,31
3732,3001,31
3733,2945,30
3734,2891,30
3735,2837,30
3736,2783,30
3737,2729,30
3738,2675,30
3739,2622,29
3740,2570,29
3741,2517,29
3742,2465,29
3743,2414,29
3744,2363,28
3745,2313,28
3746,2265,28
3747,2219,28
3748,2170,28
3749,2122,28
3750,2075,27
3751,2029,27
3752,1983,27
3753,1939,27
3754,1895,27
3755,1851,26
3756,1811,26
3757,1772,26
3758,1732,26
3759,1694,26
3760,1656,25
3761,1619,25
3762,1585,25
3763,1548,25
3764,1511,25
3765,1477,24
3766,1444,24
3767,1412,24
3768,1381,24
3769,1352,24
3770,1324,23
3771,1297,23
3772,1270,23
3773,1243,23
3774,1217,23
3775,1191,22
3776,1166,22
3777,1143,22
3778,1118,22
3779,1095,21
3780,1074,21
3781,1052,21
3782,1031,21
3783,1011,21
3784,994,20
3785,977,20
3786,961,20
3787,947,20
3788,934,20
3789,924,19
3790,914,19
3791,906,19
3792,898,19
3793,887,19
3794,877,18
3795,867,18
3796,859,18
3797,850,18
3798,840,17
3799,829,17
3800,820,17
3801,811,17
3802,801,17
3803,790,16
3804,779,16
3805,769,16
3806,760,16
3807,751,16
3808,742,15
3809,734,15
3810,726,15
3811,717,15
3812,709,15
3813,701,14
3814,694,14
3815,687,14
3816,680,14
3817,673,14
3818,667,13
3819,662,13
3820,657,13
3821,652,13
3822,647,13
3823,640,13
3824,635,12
3825,630,12
3826,625,12
3827,620,12
3828,615,12
3829,609,12
3830,603,11
3831,598,11
3832,593,11
3833,589,11
3834,584,11
3835,579,11
3836,574,10
3837,569,10
3838,564,10
3839,559,10
3840,554,10
3841,550,10
3842,545,10
3843,542,9
3844,538,9
3845,534,9
3846,529,9
3847,525,9
3848,522,9
3849,519,9
3850,515,8
3851,511,8
3852,507,8
3853,503,8
3854,499,8
3855,495,8
3856,492,8
3857,488,7
3858,484,7
3859,480,7
3860,477,7
3861,474,7
3862,471,7
3863,467,7
3864,464,7
3865,460,6
3866,457,6
3867,454,6
3868,452,6
3869,449,6
3870,445,6
3871,442,6
3872,439,6
3873,437,5
3874,435,5
3875,433,5
3876,430,5
3877,427,5
3878,425,5
3879,422,5
3880,420,5
3881,417,4
3882,415,4
3883,412,4
3884,410,4
3885,407,4
3886,405,4
3887,403,4
3888,401,4
3889,399,4
3890,397,3
3891,394,3
3892,392,3
3893,390,3
3894,387,3
3895,384,3
3896,380,3
3897,378,3
3898,376,3
3899,373,2
3900,371,2
3901,369,2
3902,367,2
3903,365,2
3904,363,2
3905,361,2
3906,359,2
3907,357,2
3908,355,2
3909,354,1
3910,352,1
3911,350,1
3912,348,1
3913,346,1
3914,345,1
3915,343,1
3916,341,1
3917,339,1
3918,338,1
3919,336,1
3920,335,0
3921,334,0
3922,333,0
3923,332,0
3924,336,0
3925,337,0
3926,322,0
3927,293,0
3928,252,0
3929,203,0
3930,165,0
3931,127,0
3932,89,0
3933,59,0
3934,56,0
3935,57,0
3936,55,0
3937,43,0
3938,43,0
3939,47,0
3940,46,0
3941,28,0
3942,12,0
3943,7,0
3944,7,0
3945,11,0
3946,23,0
3947,39,0
3948,12,0
3949,7,0
3950,7,0
3951,8,0
3952,8,0
3953,8,0
3954,8,0
3955,8,0
3956,8,0
3957,8,0
3958,8,0
3959,8,0
3960,8,0
3961,8,0
3962,8,0
3963,8,0
3964,8,0
3965,8,0
3966,8,0
3967,8,0
3968,8,0
3969,8,0
3970,8,0
3971,8,0
3972,8,0
3973,8,0
3974,8,0
3975,8,0
3976,8,0
3977,8,0
3978,8,0
3979,8,0
3980,8,0
3981,8,0
3982,8,0
3983,8,0
3984,8,0
3985,8,0
3986,8,0
3987,8,0
3988,8,0
3989,8,0
3990,8,0
3991,8,0
3992,8,0
3993,8,0
3994,8,0
3995,8,0
3996,8,0
3997,8,0
3998,8,0
3999,8,0
4000,8,0
4001,8,0
4002,8,0
4003,8,0
4004,8,0
4005,8,0
4006,8,0
4007,8,0
4008,8,0
4009,8,0
4010,8,0
4011,8,0
4012,8,0
4013,8,0
4014,8,0
4015,8,0
4016,8,0
4017,8,0
4018,8,0
4019,8,0
4020,8,0
4021,8,0
4022,8,0
4023,8,0
4024,8,0
4025,8,0
4026,8,0
